{"cameraMode":{"drawMode":0,"name":"Shaded","section":"Shading Mode"},"sceneLighting":true,"audioPlay":false,"sceneViewState":{"m_AlwaysRefresh":false,"showFog":true,"showSkybox":true,"showFlares":true,"showImageEffects":true,"showParticleSystems":true,"showVisualEffectGraphs":true,"m_FxEnabled":true},"in2DMode":false,"pivot":{"x":0.021536704152822496,"y":9.1852388381958,"z":6.861513137817383},"rotation":{"x":-0.08767896145582199,"y":-0.020821357145905496,"z":0.0018330144230276347,"w":-0.9959444999694824},"size":13.851151466369629,"orthographic":false}