{"cameraMode":{"drawMode":0,"name":"Shaded","section":"Shading Mode"},"sceneLighting":true,"audioPlay":false,"sceneViewState":{"m_AlwaysRefresh":false,"showFog":true,"showSkybox":true,"showFlares":true,"showImageEffects":true,"showParticleSystems":true,"showVisualEffectGraphs":true,"m_FxEnabled":true},"in2DMode":false,"pivot":{"x":2.72153377532959,"y":15.851326942443848,"z":-42.7615852355957},"rotation":{"x":-0.09365510195493698,"y":-0.020810525864362718,"z":0.001958970446139574,"w":-0.9954252243041992},"size":0.0030869287438690664,"orthographic":false}